{
	"id": "wfrp4e-assistant",
    "title": "WFRP4e - Assistant",
    "description": "A module that will help the Master conduct games in many aspects.",
	"version": "13.1.1",
	"compatibility": {
		"minimum": "13",
		"verified": "13"
	},
	"relationships": {
		"systems": [
			{
				"id": "wfrp4e",
				"type": "system",
				"manifest": "https://github.com/moo-man/WFRP4e-FoundryVTT/releases/latest/download/system.json"
			}
		]
	},
	"authors": [
		{
			"name": "nPocTo_4eJI",
			"url": "https://www.youtube.com/@nPocTo_4eJI",
			"discord": "npocto_4eji"
		}
	],
	"languages": [
        {"lang": "en", "name": "English", "path": "lang/en.json"},
        {"lang": "en", "name": "English", "path": "lang/en_namesList.json"},
        {"lang": "en", "name": "English", "path": "lang/en_booksTitle.json"},
        {"lang": "ru", "name": "Русский", "path": "lang/ru.json"},
        {"lang": "ru", "name": "Русский", "path": "lang/ru_namesList.json"},
        {"lang": "ru", "name": "Русский", "path": "lang/ru_booksTitle.json"}
	],
    "styles": [
		"styles/assistant.css",
		"styles/selectLore.css",
		"styles/booksTitle.css"
	],
	"esmodules": [
		"scripts/systemFix.js",
		"assistant.js"
	],
	"packs": [
		{
			"name": "macros",
			"label": "Макросы",
			"system": "wfrp4e",
			"path": "packs/macros",
			"type": "Macro"
		},
		{
			"name": "rolltables",
			"label": "Таблицы",
			"system": "wfrp4e",
			"path": "packs/rolltables",
			"type": "RollTable"
		}
	],
	"url": "https://github.com/nPocToI4eJI/wfrp4e-assistant",
	"manifest": "https://github.com/nPocToI4eJI/wfrp4e-assistant/releases/download/13.1.1/module.json",
	"download": "https://github.com/nPocToI4eJI/wfrp4e-assistant/releases/download/13.1.1/wfrp4e-assistant.zip"
}